{
    "Симферопольская": {
        "max_price": 9769,
        "min_price": 366,
        "average_price": 4000.3333333333335
    },
    "Темрюкская": {
        "max_price": 9045,
        "min_price": 159,
        "average_price": 5009.2
    },
    "Мандарин": {
        "max_price": 7009,
        "min_price": 1298,
        "average_price": 3906.8888888888887
    },
    "Йогурт": {
        "max_price": 9890,
        "min_price": 1497,
        "average_price": 5522.833333333333
    },
    "Карамбола": {
        "max_price": 9949,
        "min_price": 1703,
        "average_price": 5911.333333333333
    },
    "Фейхоа": {
        "max_price": 9751,
        "min_price": 547,
        "average_price": 5708.6
    },
    "Отбеливатель": {
        "max_price": 9795,
        "min_price": 1017,
        "average_price": 5131.882352941177
    },
    "Куркума молотая": {
        "max_price": 9640,
        "min_price": 937,
        "average_price": 5942.076923076923
    },
    "Спаржа": {
        "max_price": 9322,
        "min_price": 1649,
        "average_price": 4613.416666666667
    },
    "Сэндвичи с ветчиной": {
        "max_price": 9488,
        "min_price": 624,
        "average_price": 5945.333333333333
    },
    "Манго": {
        "max_price": 9810,
        "min_price": 1726,
        "average_price": 6538.384615384615
    },
    "Варенец": {
        "max_price": 9492,
        "min_price": 183,
        "average_price": 4807.952380952381
    },
    "Дыня": {
        "max_price": 9795,
        "min_price": 2242,
        "average_price": 5558.5
    },
    "Скалки": {
        "max_price": 9983,
        "min_price": 911,
        "average_price": 6416.363636363636
    },
    "Каша из ячменя": {
        "max_price": 9128,
        "min_price": 158,
        "average_price": 5820.705882352941
    },
    "Золотое молоко": {
        "max_price": 9877,
        "min_price": 633,
        "average_price": 5946.285714285715
    },
    "Архыз": {
        "max_price": 8777,
        "min_price": 175,
        "average_price": 6082.2
    },
    "Консервы мясные": {
        "max_price": 9781,
        "min_price": 987,
        "average_price": 6025.578947368421
    },
    "Пакеты для Всемирного дня театра": {
        "max_price": 8993,
        "min_price": 792,
        "average_price": 4408.4
    },
    "Озеро Медвежье": {
        "max_price": 9946,
        "min_price": 337,
        "average_price": 4892.029411764706
    },
    "Балык": {
        "max_price": 9818,
        "min_price": 110,
        "average_price": 4154.642857142857
    },
    "Тефтели": {
        "max_price": 9916,
        "min_price": 1067,
        "average_price": 6121.740740740741
    },
    "Окра": {
        "max_price": 9400,
        "min_price": 223,
        "average_price": 4465.545454545455
    },
    "Подольская": {
        "max_price": 8702,
        "min_price": 791,
        "average_price": 5013.933333333333
    },
    "Открывалка для бутылок": {
        "max_price": 9832,
        "min_price": 345,
        "average_price": 4801.214285714285
    },
    "Пирожки с мясом": {
        "max_price": 9067,
        "min_price": 154,
        "average_price": 4803.214285714285
    },
    "Мак семена": {
        "max_price": 9879,
        "min_price": 409,
        "average_price": 4887.071428571428
    },
    "Помидор": {
        "max_price": 8392,
        "min_price": 1537,
        "average_price": 5137.1
    },
    "Пакеты для запекания": {
        "max_price": 9705,
        "min_price": 378,
        "average_price": 5559.8
    },
    "Evian": {
        "max_price": 9919,
        "min_price": 456,
        "average_price": 4173.636363636364
    },
    "Мешки для мусора": {
        "max_price": 7949,
        "min_price": 315,
        "average_price": 3205.2
    },
    "Ливерная колбаса": {
        "max_price": 6716,
        "min_price": 101,
        "average_price": 1828.5714285714287
    },
    "Утиная печень": {
        "max_price": 9785,
        "min_price": 386,
        "average_price": 6550.111111111111
    },
    "Брокколи": {
        "max_price": 9042,
        "min_price": 1148,
        "average_price": 5307.0
    },
    "Каша из дробленной манной крупы": {
        "max_price": 8891,
        "min_price": 1899,
        "average_price": 6397.533333333334
    },
    "Электрочайник": {
        "max_price": 9991,
        "min_price": 578,
        "average_price": 5432.588235294118
    },
    "Творог": {
        "max_price": 9503,
        "min_price": 342,
        "average_price": 5139.529411764706
    },
    "Мацони": {
        "max_price": 8916,
        "min_price": 1033,
        "average_price": 5537.583333333333
    },
    "Кофеварка": {
        "max_price": 9822,
        "min_price": 979,
        "average_price": 4778.166666666667
    },
    "Каша из дробленного риса": {
        "max_price": 9543,
        "min_price": 854,
        "average_price": 5677.304347826087
    },
    "Клубника": {
        "max_price": 9845,
        "min_price": 128,
        "average_price": 5595.466666666666
    },
    "Копчености": {
        "max_price": 9731,
        "min_price": 575,
        "average_price": 4878.823529411765
    },
    "Сухое молоко": {
        "max_price": 9281,
        "min_price": 1165,
        "average_price": 5706.923076923077
    },
    "Миксер": {
        "max_price": 9972,
        "min_price": 300,
        "average_price": 5434.9
    },
    "Ножи столовые": {
        "max_price": 8158,
        "min_price": 743,
        "average_price": 3992.0
    },
    "Сок морковный": {
        "max_price": 6956,
        "min_price": 508,
        "average_price": 3312.5
    },
    "Волгодонская": {
        "max_price": 9521,
        "min_price": 373,
        "average_price": 5071.444444444444
    },
    "Пена для бритья": {
        "max_price": 6220,
        "min_price": 331,
        "average_price": 2422.8
    },
    "Компот из сухофруктов": {
        "max_price": 9139,
        "min_price": 178,
        "average_price": 5182.777777777777
    },
    "Абрикос": {
        "max_price": 9788,
        "min_price": 676,
        "average_price": 6002.322580645161
    },
    "Верблюжье молоко": {
        "max_price": 7374,
        "min_price": 3564,
        "average_price": 5640.0
    },
    "Чеддер": {
        "max_price": 9741,
        "min_price": 670,
        "average_price": 5123.35
    },
    "Кабачок": {
        "max_price": 9062,
        "min_price": 783,
        "average_price": 4968.909090909091
    },
    "Пушкинская": {
        "max_price": 9489,
        "min_price": 1151,
        "average_price": 5908.722222222223
    },
    "Говядина": {
        "max_price": 8849,
        "min_price": 485,
        "average_price": 4178.3
    },
    "Мелисса сушеная": {
        "max_price": 10000,
        "min_price": 973,
        "average_price": 5490.235294117647
    },
    "Грудинка копченая": {
        "max_price": 9201,
        "min_price": 223,
        "average_price": 4275.4
    },
    "Эндивий": {
        "max_price": 9866,
        "min_price": 2092,
        "average_price": 5918.478260869565
    },
    "Цветная капуста": {
        "max_price": 6603,
        "min_price": 4425,
        "average_price": 5864.428571428572
    },
    "Пицца с мясом": {
        "max_price": 9863,
        "min_price": 123,
        "average_price": 4979.0
    },
    "Брынза": {
        "max_price": 9956,
        "min_price": 159,
        "average_price": 4717.35294117647
    },
    "Лимонад классический": {
        "max_price": 9128,
        "min_price": 1060,
        "average_price": 4035.285714285714
    },
    "Паштет": {
        "max_price": 8322,
        "min_price": 496,
        "average_price": 4700.9375
    },
    "Каша из дробленной полентовой крупы": {
        "max_price": 9556,
        "min_price": 707,
        "average_price": 5879.076923076923
    },
    "Одинцовская": {
        "max_price": 9860,
        "min_price": 345,
        "average_price": 5432.666666666667
    },
    "Молоко": {
        "max_price": 9694,